window,label
window_3787741,1
window_3780314,1
window_3773523,1
window_3779083,1
window_3778175,1
window_3773241,1
window_3778715,1
window_3785342,1
window_3776082,1
window_3779577,1
window_3774850,1
window_3779866,1
window_3778142,1
window_3782576,1
window_3782832,1
window_3775945,1
window_3775348,1
window_3787727,1
window_3783361,1
window_3773964,1
window_3773450,1
window_3772553,1
window_3785265,1
window_3783104,1
window_3774145,1
window_3778741,0
window_3780369,0
window_3774124,0
window_3775899,0
window_3784409,0
window_3787681,0
window_3780270,0
window_3773387,0
window_3775365,0
window_3784876,0
window_3787696,0
window_3783999,0
window_3781534,0
window_3785128,0
window_3783004,0
window_3772465,0
window_3781010,0
window_3779385,0
window_3773452,0
window_3777695,0
window_3783948,0
window_3780539,0
window_3780668,0
window_3784319,0
window_3780826,0
window_3778247,0
window_3787231,0
window_3780846,0
window_3785998,0
window_3782616,0
window_3775653,0
window_3787929,0
window_3787496,0
window_3777889,0
window_3786033,0
window_3784276,0
window_3774256,0
window_3782529,0
window_3775412,0
window_3772418,0
window_3773978,0
window_3774875,0
window_3773971,0
window_3778759,0
window_3782449,0
window_3779705,0
window_3781318,0
window_3780909,0
window_3775661,0
window_3781498,0
window_3780708,0
window_3780572,0
window_3782081,0
window_3781451,0
window_3780953,0
window_3778783,0
window_3780710,0
window_3776996,0
window_3780829,0
window_3771720,0
window_3779364,0
window_3781536,0
window_3773376,0
window_3781992,0
window_3784922,0
window_3777706,0
window_3779388,0
window_3778480,0
window_3778486,0
window_3781125,0
window_3778888,0
window_3784314,0
window_3779908,0
window_3776574,0
window_3780059,0
