session_id,label
blk_-3935552400136838563,1
blk_-3627788488943265362,1
blk_-3872590798340718056,1
blk_-1532562306659315961,1
blk_6600072920237970044,1
blk_-4038351571194754359,1
blk_758177829727196416,1
blk_-5900768120344811840,1
blk_-6559988192067508775,1
blk_2674471354810383426,1
blk_-221433238572346863,1
blk_-7469300761560049038,1
blk_-2472221299676915543,1
blk_-8288429687346834011,1
blk_-5923483924252416926,1
blk_204658563016580712,1
blk_-6146991483498424488,1
blk_7847013803880455570,1
blk_-8651626486553461609,1
blk_9198976590944778834,1
blk_1614824087508943814,1
blk_-2453596451979305504,1
blk_4100385849809141638,1
blk_8666553044607031537,1
blk_6518127240336402935,1
blk_-7728893145380033098,1
blk_1861685345377359493,1
blk_-4825100322490629293,1
blk_9048894982065930066,1
blk_-2674782040154717070,1
blk_-2345227047790456413,1
blk_6668531874518039171,1
blk_9219629885111570880,1
blk_-3371701595281520594,1
blk_1906496212960668441,1
blk_4385167372159286626,1
blk_4877996699948101538,1
blk_-1539454651111893159,1
blk_8214908395215393834,1
blk_-6781787835848441277,1
blk_-1689330503996456538,0
blk_7449372933023524621,0
blk_8586754708851390823,0
blk_-1631431606633161498,0
blk_-2662630572488107330,0
blk_-4405655936230635769,0
blk_-120932371904086346,0
blk_5468750832203996000,0
blk_-6916677755473065775,0
blk_-6445877270357786498,0
blk_1082265676225286777,0
blk_-4923211247733489829,0
blk_3364579566089709876,0
blk_1171369250973770966,0
blk_6881548631465806609,0
blk_-8350948867326093610,0
blk_6844508123020045106,0
blk_-572585610621122398,0
blk_-3223813757614987359,0
blk_-7882473401434699431,0
blk_-5961256791951368065,0
blk_2948826831866003549,0
blk_8226463580109056009,0
blk_6411041482429459866,0
blk_576333437689878278,0
blk_8536540975698656093,0
blk_4797532709126873438,0
blk_-8364534033775327005,0
blk_-5417965469943123059,0
blk_-7783337332761339888,0
blk_-5849190891644816685,0
blk_3259783588838435550,0
blk_-770150259185913574,0
blk_-4501511182873628713,0
blk_-3622238521810299589,0
blk_-2814164185472853856,0
blk_-4136507486745097285,0
blk_-1806048679798382485,0
blk_-8319055361124730520,0
blk_-5123401907230939911,0
blk_-3584322607560418468,0
blk_4671226661254922815,0
blk_1155502735172281370,0
blk_-2771415709461742485,0
blk_-6185746278688819168,0
blk_-789978310573367144,0
blk_2258459657143585283,0
blk_2616127215229651844,0
blk_6724120824379281904,0
blk_6198370771401359747,0
blk_3954301451902458877,0
blk_7680038966106766429,0
blk_5956577133875531000,0
blk_4767070046327415950,0
blk_7827149123451729827,0
blk_8984659105792372996,0
blk_-6088318357800709615,0
blk_4044506843131548994,0
blk_-4743010243577315971,0
blk_2778220620118880198,0
blk_8511743202038976683,0
blk_-9097907243281687229,0
blk_6905180863857441908,0
blk_-3681399799616062807,0
blk_478503951451804357,0
blk_5090662045705916208,0
blk_1269296740962764237,0
blk_3891382013623796762,0
blk_909608261545018028,0
blk_-47848061595622815,0
blk_5344546512337882431,0
blk_-4356442405419026452,0
blk_8158395975992857090,0
blk_-2306384571657053859,0
blk_4213165918048685590,0
blk_3899308223879928536,0
blk_4862038176708578762,0
blk_1700038844327538124,0
blk_4179317859726883457,0
blk_-2914856288300385786,0
blk_8568054446768641470,0
blk_1207160544811805066,0
blk_3464090922976603109,0
blk_1393835689435445425,0
blk_1926423917421973576,0
blk_-7593875762515851597,0
blk_4817469345828077874,0
blk_-4542170424682077878,0
blk_1289855908913830424,0
blk_-1142734152057849587,0
blk_4537272734379897578,0
blk_-1733673643436144034,0
blk_-2725700766799986094,0
blk_-9140812989419851554,0
blk_6035525923803859041,0
blk_-6261535081792984460,0
blk_8870442906086973842,0
blk_5164975647156445351,0
blk_91612504200219987,0
blk_7040996562794146344,0
blk_-6626286836139633918,0
blk_2149152697929772171,0
blk_6311833118028937673,0
blk_8232903271052240479,0
blk_6079146321598482166,0
blk_-5924527968817946941,0
blk_6485722108419956840,0
blk_3708052852749449978,0
blk_3973110704608532886,0
blk_7864371297490749861,0
blk_538722830840569823,0
blk_-6161574319804418055,0
blk_8463542737510171603,0
blk_3585471319991976127,0
blk_-6050371610330484049,0
blk_-6431591818671489548,0
blk_-7719893318410044889,0
blk_298150053649999351,0
blk_-7386301719389659528,0
blk_-6765063221400326220,0
blk_-864261888557812903,0
blk_-8990424476704100966,0
blk_-3091333323291301775,0
blk_6505483653754333471,0
blk_-7348977996582710607,0
blk_-8153790746829306906,0
blk_-8713973725689914540,0
blk_-6745916509353584294,0
blk_-2511954371497960491,0
blk_-6592215693283523201,0
blk_-7896035332295636672,0
blk_-7985501937467198739,0
blk_-3326564830075781698,0
blk_-5575614039816522312,0
blk_-3522062043721673202,0
blk_-1912948802635237128,0
blk_1121503180999952955,0
blk_4552492423201230118,0
blk_2546190493101850773,0
blk_1192557178382505200,0
blk_4069716160554367007,0
blk_8619526888783459747,0
blk_-5571931654284247582,0
blk_-4281559722469511729,0
blk_-7076291061060556198,0
blk_-6445709140898289628,0
blk_6365333451733484966,0
blk_480484340015434537,0
blk_3272829632625165889,0
blk_-8491764845112886317,0
blk_2253033303074017584,0
blk_-6432078454153710679,0
blk_6474174386560610682,0
blk_-6141787587858586923,0
blk_-6922959836226640721,0
blk_462335065782327710,0
blk_-1635811743229795072,0
blk_8336513242988822838,0
blk_-6162883106504575511,0
blk_4580855871127575341,0
