model,accuracy,precision,recall,f1,roc_auc,pr_auc,tp,fp,fn,tn,family,fit_seconds,split
Logistic Regression,0.9991131360205892,0.9709615384615384,0.9996040388041972,0.9850746268656716,0.9999415333799525,0.9979218933564946,5049,151,2,167316,unit,5.1,random
Decision Tree,0.9995942452381781,0.9880462473055066,0.9982181746188874,0.9931061650581052,0.9990590096276509,0.9952424538567752,5042,61,9,167406,unit,1.1,random
Random Forest,0.9998261051020763,0.994679802955665,0.9994060582062958,0.9970373296464546,0.9999951677303951,0.9998359016774454,5048,27,3,167440,unit,3.6,random
KNN,0.9991131360205892,0.9751649204501358,0.9950504850524649,0.9850073493385595,0.9998309397229167,0.9953742951422677,5026,128,25,167339,unit,32.7,random
XGBoost,0.9998261051020763,0.9944849320464841,0.9996040388041972,0.9970379146919431,0.9999974346116104,0.9999122053307616,5049,28,2,167439,extended,10.2,random
LightGBM,0.9998203086054789,0.9944838455476753,0.9994060582062958,0.9969388762713538,0.9999910932552407,0.9996523393892918,5048,28,3,167439,extended,7.5,random
Isolation Forest,0.9664730636803116,0.35920092201306186,0.1851118590378143,0.24431669715181603,0.9663642955287371,0.3661706865440649,935,1668,4116,165799,extended,11.3,random
Markov sequence (rule),0.9792833211606905,0.9966375252185609,0.29340724608988317,0.4533496482104619,0.6466892681009225,0.31323751470546213,1482,5,3569,167462,extended,0.0,random
Logistic Regression,0.9998608792431831,0.9970430107526882,0.9965072541644278,0.9967750604676162,0.9999789872086046,0.9992857429001848,3709,11,13,168779,unit,4.0,temporal
Decision Tree,0.9863139955481358,0.6152803659156361,0.9758194519075766,0.7547012987012987,0.9759637733809686,0.5081140238530226,3632,2271,90,166519,unit,1.5,temporal
Random Forest,0.9999072528287887,0.9991918103448276,0.9965072541644278,0.997847726661286,0.9999948673777854,0.9998440635478573,3709,3,13,168787,unit,3.4,temporal
KNN,0.9996116212205528,0.9838496160974318,0.9983879634605051,0.9910654753967195,0.9993189195760996,0.9978660595609314,3716,61,6,168729,unit,32.1,temporal
XGBoost,0.9999246429233908,0.9975851891601825,0.99892530897367,0.9982547993019197,0.9999982809018477,0.9999287042432938,3718,9,4,168781,extended,13.7,temporal
LightGBM,0.9996000278241514,0.9828178694158075,0.99892530897367,0.9908061292471686,0.9999968053426006,0.9998912661745486,3718,65,4,168725,extended,7.2,temporal
Isolation Forest,0.9766740864403636,0.15990990990990991,0.01907576571735626,0.03408545367258761,0.9081696192124372,0.3482100552610155,71,373,3651,168417,extended,10.6,temporal
Markov sequence (rule),0.9852126228900019,0.996607294317218,0.315690488984417,0.47949398082024075,0.657833334962232,0.3295778205567436,1175,4,2547,168786,extended,0.0,temporal
