session_id,cluster
window_3726232,6
window_3726233,6
window_3726285,6
window_3726287,6
window_3726517,1
window_3726518,6
window_3726523,1
window_3726525,1
window_3726531,1
window_3726538,2
window_3726539,5
window_3726568,3
window_3726578,3
window_3726597,5
window_3726599,3
window_3726601,3
window_3726602,6
window_3726603,3
window_3726608,1
window_3726613,1
window_3726614,3
window_3726617,1
window_3726618,1
window_3726913,2
window_3727037,0
window_3727158,5
window_3727261,2
window_3727437,3
window_3727509,6
window_3727524,2
window_3727527,0
window_3727624,6
window_3727840,5
window_3727880,5
window_3727980,5
window_3728451,1
window_3728452,1
window_3728453,1
window_3728454,1
window_3728455,1
window_3728456,1
window_3728457,1
window_3728458,1
window_3728459,1
window_3728460,1
window_3728461,1
window_3728462,1
window_3728463,1
window_3728464,1
window_3728465,1
window_3728466,1
window_3728467,1
window_3728468,1
window_3728469,1
window_3728470,1
window_3728471,1
window_3728472,1
window_3728473,1
window_3728474,1
window_3728475,1
window_3728476,1
window_3728477,1
window_3728478,1
window_3728479,1
window_3728480,1
window_3728481,1
window_3728482,1
window_3728483,1
window_3728484,1
window_3728485,1
window_3728486,1
window_3728487,1
window_3728488,1
window_3728489,1
window_3728490,1
window_3728491,1
window_3728492,1
window_3728493,1
window_3728494,1
window_3728495,1
window_3728496,1
window_3728497,1
window_3728498,1
window_3728499,1
window_3728500,1
window_3728501,1
window_3728502,1
window_3728503,1
window_3728504,1
window_3728505,1
window_3728506,1
window_3728507,1
window_3728508,1
window_3728509,1
window_3728510,1
window_3728511,1
window_3728512,1
window_3728513,1
window_3728514,1
window_3728515,1
window_3728516,1
window_3728517,1
window_3728518,1
window_3728519,1
window_3728520,1
window_3728521,1
window_3728522,1
window_3728523,1
window_3728524,1
window_3728525,1
window_3728526,1
window_3728527,1
window_3728848,5
window_3728877,5
window_3728946,2
window_3728992,6
window_3728994,6
window_3728995,6
window_3729000,2
window_3729031,6
window_3729032,6
window_3729217,6
window_3729218,6
window_3729222,6
window_3729225,6
window_3729226,6
window_3729227,5
window_3729231,5
window_3729243,3
window_3729370,5
window_3729672,5
window_3729862,6
window_3729863,6
window_3729864,6
window_3729964,3
window_3730150,0
window_3730230,5
window_3730280,5
window_3730507,2
window_3730720,5
window_3730853,5
window_3730856,6
window_3731034,5
window_3731064,6
window_3731133,3
window_3731525,6
window_3731778,5
window_3731904,6
window_3732752,5
window_3733251,4
window_3733306,4
window_3733313,0
window_3733339,6
window_3733340,2
window_3733343,0
window_3733351,2
window_3733530,5
window_3733568,0
window_3733875,0
window_3733876,5
window_3733925,6
window_3733926,5
window_3733943,5
window_3734011,2
window_3734047,2
window_3734057,6
window_3734089,2
window_3734093,2
window_3734094,2
window_3734121,4
window_3734140,2
window_3734141,0
window_3734142,2
window_3734143,2
window_3734200,6
window_3734285,5
window_3734336,2
window_3734401,0
window_3734763,5
window_3734807,5
window_3734819,5
window_3734992,5
window_3735304,1
window_3735305,1
window_3735346,5
window_3735578,2
window_3735581,5
window_3735844,5
window_3736150,0
window_3736166,0
window_3736221,5
window_3736222,0
window_3736237,2
window_3736238,2
window_3736295,2
window_3736362,6
window_3736371,5
window_3736374,5
window_3736377,0
window_3736480,0
window_3736689,5
window_3736906,2
window_3737052,3
window_3737081,3
window_3737083,5
window_3737090,5
window_3737125,5
window_3737199,5
window_3737379,0
window_3737381,0
window_3737584,5
window_3737654,5
window_3737684,5
window_3738010,0
window_3738214,5
window_3738219,6
window_3738226,5
window_3738228,6
window_3738245,6
window_3738760,2
window_3738761,5
window_3739015,5
window_3739055,5
window_3739056,5
window_3739060,5
window_3739067,5
window_3739069,0
window_3739078,5
window_3739079,5
window_3739080,5
window_3739090,5
window_3739092,3
window_3739097,5
window_3739099,3
window_3739253,5
window_3739312,0
window_3739323,0
window_3739347,5
window_3739389,5
window_3739400,5
window_3739403,5
window_3739417,6
window_3739428,5
window_3739434,5
window_3739453,5
window_3739477,5
window_3739589,4
window_3739618,0
window_3739804,5
window_3739925,5
window_3740598,5
window_3740633,5
window_3740870,6
window_3741074,5
window_3741352,5
window_3741388,2
window_3741476,5
window_3741567,5
window_3741641,6
window_3741773,5
window_3742164,0
window_3742678,5
window_3743427,0
window_3743437,0
window_3743670,2
window_3743690,2
window_3743694,2
window_3743695,2
window_3743707,0
window_3743708,3
window_3743715,3
window_3744011,0
window_3744012,3
window_3744020,3
window_3744023,3
window_3744116,5
window_3744194,5
window_3744241,6
window_3744267,6
window_3744486,6
window_3744487,0
window_3744489,2
window_3744560,5
window_3744779,4
window_3744869,2
window_3744870,2
window_3744895,3
window_3744930,5
window_3744948,5
window_3745000,5
window_3745112,2
window_3745113,2
window_3745121,4
window_3745147,2
window_3745182,4
window_3745267,5
window_3745335,0
window_3745339,2
window_3745348,4
window_3745357,4
window_3745381,3
window_3745383,2
window_3745392,5
window_3745409,5
window_3745481,5
window_3745489,0
window_3745633,2
window_3745638,2
window_3745690,5
window_3745705,0
window_3745708,0
window_3745714,4
window_3745715,0
window_3745716,4
window_3745719,0
window_3745769,5
window_3746188,0
window_3746189,2
window_3746201,2
window_3746213,0
window_3746226,2
window_3746231,2
window_3746243,2
window_3746262,2
window_3746299,0
window_3746369,6
window_3746385,1
window_3746386,1
window_3746387,1
window_3746418,5
window_3746455,6
window_3746645,6
window_3746648,2
window_3746651,6
window_3746652,6
window_3746789,2
window_3746818,6
window_3746904,6
window_3747057,0
window_3747063,2
window_3747093,3
window_3747106,1
window_3747162,0
window_3747168,2
window_3747172,0
window_3747225,6
window_3747228,6
window_3747241,6
window_3747242,2
window_3747245,6
window_3747248,6
window_3747251,2
window_3747254,5
window_3747257,5
window_3747261,5
window_3747264,5
window_3747265,2
window_3747433,2
window_3747434,2
window_3747435,2
window_3747457,5
window_3747513,6
window_3747550,6
window_3747560,6
window_3747561,6
window_3747564,6
window_3747567,2
window_3747570,6
window_3747573,6
window_3747576,2
window_3747577,6
window_3747580,5
window_3747583,6
window_3747586,5
window_3747634,5
window_3747656,5
window_3747672,2
window_3747693,2
window_3747704,6
window_3747707,2
window_3747713,0
window_3747784,0
window_3747787,6
window_3747802,5
window_3747803,5
window_3747813,0
window_3747816,6
window_3747820,0
window_3747823,5
window_3747826,5
window_3747829,0
window_3747832,5
window_3747835,6
window_3747839,6
window_3747842,6
window_3747845,2
window_3747914,5
window_3748023,2
window_3748207,4
window_3748264,6
window_3748265,6
window_3748283,2
window_3748322,6
window_3748397,5
window_3748613,5
window_3748759,5
window_3748786,2
window_3749033,5
window_3749071,6
window_3749072,6
window_3749073,6
window_3749083,6
window_3749084,6
window_3749169,0
window_3749264,5
window_3749326,6
window_3749327,6
window_3749414,0
window_3749418,2
window_3749425,0
window_3749490,2
window_3749497,2
window_3749508,2
window_3749526,5
window_3749529,6
window_3749530,6
window_3749533,5
window_3749536,6
window_3749539,5
window_3749542,6
window_3749546,6
window_3749549,6
window_3749552,5
window_3749555,6
window_3749685,2
window_3749696,2
window_3749767,3
window_3749903,6
window_3749904,6
window_3750097,6
window_3750098,6
window_3750102,2
window_3750103,6
window_3750132,5
window_3750422,5
window_3750611,5
window_3750645,4
window_3750660,5
window_3750837,2
window_3750947,3
window_3751050,6
window_3751088,2
window_3751089,6
window_3751142,6
window_3751309,5
window_3751399,5
window_3751461,5
window_3751520,2
window_3751521,2
window_3751623,2
window_3751628,0
window_3751796,0
window_3751824,2
window_3751829,6
window_3751835,2
window_3751836,0
window_3751841,6
window_3751842,6
window_3751846,6
window_3751847,6
window_3751851,6
window_3751853,3
window_3751855,6
window_3751856,2
window_3751861,6
window_3751917,6
window_3751918,6
window_3751933,0
window_3751939,0
window_3751941,5
window_3751966,4
window_3751983,2
window_3751986,0
window_3751987,0
window_3751988,0
window_3751989,0
window_3751990,0
window_3751991,0
window_3751992,0
window_3751993,0
window_3752022,2
window_3752024,2
window_3752031,0
window_3752032,4
window_3752041,2
window_3752055,0
window_3752056,2
window_3752093,2
window_3752097,0
window_3752115,2
window_3752116,0
window_3752214,5
window_3752283,6
window_3752284,2
window_3752299,6
window_3752300,6
window_3752303,0
window_3752304,0
window_3752308,6
window_3752314,6
window_3752319,2
window_3752320,0
window_3752350,2
window_3752353,2
window_3752362,2
window_3752363,2
window_3752364,2
window_3752366,2
window_3752378,0
window_3752392,5
window_3752449,5
window_3752531,6
window_3752599,6
window_3752605,6
window_3752611,6
window_3752616,6
window_3752659,6
window_3752837,6
window_3752854,2
window_3752859,0
window_3752865,2
window_3752866,2
window_3752898,6
window_3752899,6
window_3752903,0
window_3752904,6
window_3752907,6
window_3752908,6
window_3752930,5
window_3752932,3
window_3752935,2
window_3752936,2
window_3752952,4
window_3752954,5
window_3752956,2
window_3752957,2
window_3752958,2
window_3752960,2
window_3752961,6
window_3752963,6
window_3752968,0
window_3752969,2
window_3752970,0
window_3753110,2
window_3753151,6
window_3753152,6
window_3753153,2
window_3753157,6
window_3753158,2
window_3753162,6
window_3753163,0
window_3753344,2
window_3753358,2
window_3753366,6
window_3753368,6
window_3753414,0
window_3753419,0
window_3753424,2
window_3753426,6
window_3753428,2
window_3753434,6
window_3753440,6
window_3753441,6
window_3753449,2
window_3753450,6
window_3753451,0
window_3753453,2
window_3753472,0
window_3753505,6
window_3753507,2
window_3753510,6
window_3753515,2
window_3753527,2
window_3753570,0
window_3753643,5
window_3753681,4
window_3753815,5
window_3753968,6
window_3753969,6
window_3753973,6
window_3753974,6
window_3753993,6
window_3754001,6
window_3754003,2
window_3754009,6
window_3754039,5
window_3754064,6
window_3754112,2
window_3754289,4
window_3754315,5
window_3754355,2
window_3754396,5
window_3754454,5
window_3754492,5
window_3754503,6
window_3754629,5
window_3754780,5
window_3754791,6
window_3754922,5
window_3754923,2
window_3754959,4
window_3754973,5
window_3754980,5
window_3755096,5
window_3755130,6
window_3755184,5
window_3755368,6
window_3755369,5
window_3755380,5
window_3755421,6
window_3755422,6
window_3755424,6
window_3755465,6
window_3755466,6
window_3755470,6
window_3755482,2
window_3755525,2
window_3755702,2
window_3755720,5
window_3755749,0
window_3755993,6
window_3756020,2
window_3756050,6
window_3756052,0
window_3756405,6
window_3756408,6
window_3756425,2
window_3756427,2
window_3756478,5
window_3757118,2
window_3757192,5
window_3757199,2
window_3757200,2
window_3757215,4
window_3757252,5
window_3757383,0
window_3757444,2
window_3757495,0
window_3757499,5
window_3757534,0
window_3757535,5
window_3757548,6
window_3757553,5
window_3757718,5
window_3758188,5
window_3758208,5
window_3758286,2
window_3758300,5
window_3758304,2
window_3758305,5
window_3758320,5
window_3758340,5
window_3758387,2
window_3758459,5
window_3758483,5
window_3758557,5
window_3758578,5
window_3758579,5
window_3758598,5
window_3758699,5
window_3758711,5
window_3758712,5
window_3758800,5
window_3758801,2
window_3759006,5
window_3759009,5
window_3759022,5
window_3759186,5
window_3759268,5
window_3759290,5
window_3759447,0
window_3759615,5
window_3759616,2
window_3759617,3
window_3759794,5
window_3759795,5
window_3759956,0
window_3759957,0
window_3759958,0
window_3759959,0
window_3759960,6
window_3759961,6
window_3759966,5
window_3760018,4
window_3760075,6
window_3760076,6
window_3760090,5
window_3760249,5
window_3760352,6
window_3760377,5
window_3760383,4
window_3760632,3
window_3760890,5
window_3760891,6
window_3760898,3
window_3760937,3
window_3761161,5
window_3761195,5
window_3761470,3
window_3761489,4
window_3761546,5
window_3761781,0
window_3761800,5
window_3761815,5
window_3761992,5
window_3761993,6
window_3762014,5
window_3762071,6
window_3762137,6
window_3762138,2
window_3762341,5
window_3762367,2
window_3762397,5
window_3762493,5
window_3762647,5
window_3762669,5
window_3762672,5
window_3762813,5
window_3762849,5
window_3762892,5
window_3762894,2
window_3762982,5
window_3763083,5
window_3763102,5
window_3763142,2
window_3763143,0
window_3763146,4
window_3763235,6
window_3763236,6
window_3763658,5
window_3763660,2
window_3763836,5
window_3763966,5
window_3764051,0
window_3764077,0
window_3764078,2
window_3764150,5
window_3764155,5
window_3764298,6
window_3764299,2
window_3764318,2
window_3764320,2
window_3764324,0
window_3764327,2
window_3764332,2
window_3764335,4
window_3764337,0
window_3765000,5
window_3765004,6
window_3765005,6
window_3765013,5
window_3765021,2
window_3765155,2
window_3765404,6
window_3765456,5
window_3765475,0
window_3765485,3
window_3765486,0
window_3765777,2
window_3765778,2
window_3765781,0
window_3765795,5
window_3765809,0
window_3765831,5
window_3765919,5
window_3766603,5
window_3766632,5
window_3766678,5
window_3766841,5
window_3766842,5
window_3766915,5
window_3766916,5
window_3766960,5
window_3766970,5
window_3766976,2
window_3767123,5
window_3767318,4
window_3767327,4
window_3767375,5
window_3767519,5
window_3767578,5
window_3767923,5
window_3768049,3
window_3768086,2
window_3768145,6
window_3768146,6
window_3768264,5
window_3768400,0
window_3768431,6
window_3768432,6
window_3768440,5
window_3768470,5
window_3768568,5
window_3768593,5
window_3768767,5
window_3768999,5
window_3769012,5
window_3769335,5
window_3769368,5
window_3769400,5
window_3769446,5
window_3769449,5
window_3769560,0
window_3770071,6
window_3770377,2
window_3770479,5
window_3770487,5
window_3770513,0
window_3770689,5
window_3770712,5
window_3770934,5
window_3771317,0
window_3771319,6
window_3771338,0
window_3771343,0
window_3771519,5
window_3771611,6
window_3771620,6
window_3771665,6
