session_id,label,probability,prediction
window_3772447,0,0.972426615119396,1
window_3772453,0,0.9723205723558296,1
window_3772435,0,0.9712149272939392,1
window_3774432,0,0.9698526342751846,1
window_3774433,0,0.9698526342751846,1
window_3774434,0,0.9698526342751846,1
window_3778555,0,0.9656090188893848,1
window_3772441,0,0.915725154234689,1
window_3778880,0,0.9021288810951504,1
window_3772444,0,0.8945868554444183,1
window_3772438,0,0.8895015877412126,1
window_3772432,0,0.86176351766955,1
window_3777624,0,0.8524602582702512,1
window_3777626,0,0.8444537110944843,1
window_3779905,0,0.8355310906660698,1
window_3774471,0,0.8304039094688226,1
window_3782985,0,0.8164954074071115,1
window_3775709,0,0.7751770886375849,1
window_3772450,0,0.75166622900655,1
window_3773906,0,0.7226526302333821,1
window_3772264,0,0.7152174002027804,1
window_3778518,1,0.6816147981800772,0
window_3779052,1,0.6741955250345254,0
window_3775363,1,0.6714438236874777,0
window_3780202,1,0.6673876329350932,0
window_3779089,1,0.6575675075474705,0
window_3774431,1,0.6540664515287662,0
window_3780087,1,0.6401164654836576,0
window_3775252,1,0.6374951991389318,0
window_3774413,1,0.625518232289295,0
window_3779086,1,0.6113493145650806,0
window_3779587,1,0.5791724395057783,0
window_3787741,1,0.5780673805271909,0
window_3786524,1,0.5645835641975201,0
window_3775334,1,0.5532574568129265,0
window_3774122,1,0.5441452610216205,0
window_3776697,1,0.5375678201361059,0
window_3773395,1,0.5363087163492901,0
window_3778881,1,0.5220585688732023,0
window_3780502,1,0.5168373042390622,0
window_3777877,1,0.5084103013525332,0
window_3785257,1,0.5038472108397257,0
window_3776138,1,0.480004080214045,0
window_3775333,1,0.4719580893539302,0
window_3775735,1,0.4633117072057269,0
window_3778207,1,0.4448710488067648,0
window_3779053,1,0.44019820558352,0
window_3780654,1,0.4398390761236294,0
window_3782802,1,0.4312387681669054,0
window_3786131,1,0.4252028820194543,0
window_3775364,1,0.4122699121001998,0
window_3774402,1,0.4115761472879952,0
window_3773450,1,0.4078476656354448,0
window_3778834,1,0.4069919107733856,0
window_3778314,1,0.4025470972805008,0
window_3774167,1,0.4013034563678619,0
window_3785433,1,0.3972586709444349,0
window_3778581,1,0.3956333790963704,0
window_3779754,1,0.3713677077848963,0
window_3781345,1,0.358626228297264,0
window_3776876,1,0.3440659958222252,0
window_3777336,1,0.3066600390546439,0
window_3781655,1,0.2853676218171764,0
window_3783361,1,0.2818530935434228,0
window_3775319,1,0.2810031811040558,0
window_3777715,1,0.2797115362883479,0
window_3776469,1,0.2778648864207327,0
window_3775377,1,0.2555795261770793,0
window_3775393,1,0.2540266174090158,0
window_3781654,1,0.2471234125237217,0
window_3783355,1,0.2451509843123254,0
window_3777347,1,0.2403913927016063,0
window_3776698,1,0.2383129583631046,0
window_3781503,1,0.2308770943431148,0
window_3774144,1,0.2125813219088701,0
window_3776887,1,0.210511097418934,0
window_3779733,1,0.2040093984687514,0
window_3778519,1,0.1947003203618981,0
window_3781504,1,0.1891467640487963,0
window_3778194,1,0.1863490730867897,0
window_3778192,1,0.1863490730867897,0
window_3777169,1,0.1793960299347273,0
window_3775722,1,0.178168966716452,0
window_3779764,1,0.1723464620841758,0
window_3785170,1,0.1706734522403921,0
window_3785434,1,0.1623513489897854,0
window_3776373,1,0.161653578864786,0
window_3778580,1,0.1583889822168299,0
window_3777414,1,0.1547589312923665,0
window_3783126,1,0.153995220230284,0
window_3774123,1,0.1509567489959155,0
window_3776468,1,0.1471857178758196,0
window_3781911,1,0.1309074827065244,0
window_3774403,1,0.1282412455536802,0
window_3775348,1,0.1261001364090536,0
window_3775689,1,0.12531356818145,0
window_3782579,1,0.1184359267506199,0
window_3775400,1,0.1104758912074756,0
window_3781346,1,0.1060697728367743,0
window_3774114,1,0.1005791801802781,0
window_3774129,1,0.0872254239595123,0
window_3775741,1,0.0847222868171418,0
window_3775691,1,0.0836250024575822,0
window_3774386,1,0.0801721311705146,0
window_3773523,1,0.0801721311705146,0
window_3775649,1,0.0674570314074525,0
window_3775379,1,0.0662000071324776,0
window_3776329,1,0.0616239550963596,0
window_3779083,1,0.0573950924801883,0
window_3782416,1,0.0566506810785239,0
window_3774115,1,0.055881313635271,0
window_3777408,1,0.0433460888005763,0
window_3777725,1,0.0405512052580453,0
window_3777667,1,0.0388724726583748,0
window_3775380,1,0.0338419951516753,0
window_3772449,1,0.0230819721594493,0
window_3775966,1,0.0141501757053329,0
window_3775971,1,0.0122978805761263,0
window_3787968,1,0.0057710628840005,0
window_3774116,1,0.0052003586241725,0
