model,role,period,accuracy,precision,recall,f1,pr_auc,fp,fn,tp,tn,threshold,fit_seconds,predict_seconds,f1_gain_vs_baseline
Logistic regression,baseline,validation,0.993773,0.808743,0.968903,0.881608,0.779981,280,38,1184,49563,0.8,0.55,,
Random forest,compared,validation,0.999706,1,0.987725,0.993825,0.999225,0,15,1207,49843,0.95,4.84,,
Histogram gradient boosting,final (deployed),validation,0.999726,0.99026,0.998363,0.994295,0.999605,12,2,1220,49831,0.95,1.44,,
Extra trees,additional,validation,0.999883,1,0.99509,0.997539,0.999371,0,6,1216,49843,0.8,3.96,,
XGBoost,additional,validation,0.995104,0.830612,0.999182,0.907132,0.998225,249,1,1221,49594,0.25,1.25,,
Logistic regression,baseline,test,0.998018,0.957755,0.904167,0.93019,0.932796,67,161,1519,113271,0.8,0.78,0.015,0
Random forest,compared,test,0.998705,1,0.91131,0.953597,0.999857,0,149,1531,113338,0.95,5.36,0.075,0.0234072
Histogram gradient boosting,final (deployed),test,0.9998,0.999397,0.986905,0.993112,0.999593,1,22,1658,113337,0.95,1.65,0.064,0.0629219
Extra trees,additional,test,0.999774,1,0.984524,0.992202,0.999812,0,26,1654,113338,0.8,4.95,0.104,0.0620117
XGBoost,additional,test,0.99987,0.998802,0.992262,0.995521,0.99958,2,13,1667,113336,0.25,1.41,0.066,0.0653312
